Ребёнок,Мия
Период,Все время

Эпизод,Что произошло,Дата,Время,Значение,Лекарство,Кто внёс,Статус,Подробности,Заметка
Простуда,,20.04.2026,,,,,Активен,План приёма,Наблюдаем дома
,Температура,20.04.2026,10:00,"38,1 °C",,Мама,,Подмышкой,
,Лекарство,20.04.2026,10:10,5 мл,Парацетамол,Мама,,После еды,
,Комментарий,20.04.2026,11:30,,,Мама,,,Пьёт мало воды
,Температура,20.04.2026,18:40,"38,6 °C",,Папа,,Подмышкой,
,Лекарство,20.04.2026,18:50,5 мл,Парацетамол,Папа,,Повторно,
Ушиб колена,,24.04.2026,,,,,Завершён,Ручной журнал,Упал на площадке
,Комментарий,24.04.2026,17:20,,,Мама,,,Обработали и приложили холод
,Лекарство,24.04.2026,17:30,1 нанесение,Пантенол,Мама,,На кожу,
